{
  "project_info": {
    "project_number": "543232942848",
    "project_id": "parcial-a6f26",
    "storage_bucket": "parcial-a6f26.appspot.com"
  },
  "client": [
    {
      "client_info": {
        "mobilesdk_app_id": "1:543232942848:android:ff1b19e6b902b7a94c49e5",
        "android_client_info": {
          "package_name": "com.example.parcial"
        }
      },
      "oauth_client": [],
      "api_key": [
        {
          "current_key": "AIzaSyCteTJYMCYo5-8nVXUgxU6bLXomrCqvt1U"
        }
      ],
      "services": {
        "appinvite_service": {
          "other_platform_oauth_client": []
        }
      }
    }
  ],
  "configuration_version": "1"
}